{"cameraMode":{"drawMode":0,"name":"Shaded","section":"Shading Mode"},"sceneLighting":true,"audioPlay":false,"sceneViewState":{"showFog":true,"showMaterialUpdate":false,"showSkybox":true,"showFlares":true,"showImageEffects":true,"showParticleSystems":true,"showVisualEffectGraphs":true,"m_FxEnabled":true},"in2DMode":false,"pivot":{"x":577.2335815429688,"y":140.38919067382813,"z":1723.5406494140625},"rotation":{"x":-0.032684437930583957,"y":0.004492849111557007,"z":0.00014666322385892272,"w":0.999457836151123},"size":1249.0693359375,"orthographic":false}