{"cameraMode":{"drawMode":0,"name":"Shaded","section":"Shading Mode"},"sceneLighting":true,"audioPlay":false,"sceneViewState":{"showFog":true,"showMaterialUpdate":false,"showSkybox":true,"showFlares":true,"showImageEffects":true,"showParticleSystems":true,"showVisualEffectGraphs":true,"m_FxEnabled":true},"in2DMode":false,"pivot":{"x":624.2281494140625,"y":24.937667846679689,"z":1685.48291015625},"rotation":{"x":0.052741870284080508,"y":0.04042781889438629,"z":-0.0021370176691561939,"w":0.9977900981903076},"size":1218.7647705078125,"orthographic":false}