{"cameraMode":{"drawMode":0,"name":"Shaded","section":"Shading Mode"},"sceneLighting":true,"audioPlay":false,"sceneViewState":{"showFog":true,"showMaterialUpdate":false,"showSkybox":true,"showFlares":true,"showImageEffects":true,"showParticleSystems":true,"showVisualEffectGraphs":true,"m_FxEnabled":true},"in2DMode":false,"pivot":{"x":1.5487377643585206,"y":-9.316787719726563,"z":56.77003860473633},"rotation":{"x":-0.09914057701826096,"y":-0.01283834595233202,"z":0.0012829368934035302,"w":-0.995007336139679},"size":27.437925338745118,"orthographic":false}