{"cameraMode":{"drawMode":0,"name":"Shaded","section":"Shading Mode"},"sceneLighting":true,"audioPlay":false,"sceneViewState":{"m_AlwaysRefresh":false,"showFog":true,"showSkybox":true,"showFlares":true,"showImageEffects":true,"showParticleSystems":true,"showVisualEffectGraphs":true,"m_FxEnabled":true},"in2DMode":false,"pivot":{"x":-1.4879965782165528,"y":-1.3916165828704835,"z":0.48405227065086367},"rotation":{"x":-0.08682034909725189,"y":0.09310798346996308,"z":-0.008148599416017533,"w":-0.9918571710586548},"size":5.267004013061523,"orthographic":false}