{"cameraMode":{"drawMode":0,"name":"Shaded","section":"Shading Mode"},"sceneLighting":true,"audioPlay":false,"sceneViewState":{"showFog":true,"showMaterialUpdate":false,"showSkybox":true,"showFlares":true,"showImageEffects":true,"showParticleSystems":true,"showVisualEffectGraphs":true,"m_FxEnabled":true},"in2DMode":false,"pivot":{"x":0.09131669998168946,"y":0.7592888474464417,"z":-4.916922569274902},"rotation":{"x":-0.054280687123537067,"y":0.012579422444105149,"z":-0.0006816641543991864,"w":-0.998466968536377},"size":0.8927032351493836,"orthographic":false}