{"cameraMode":{"drawMode":0,"name":"Shaded","section":"Shading Mode"},"sceneLighting":true,"audioPlay":false,"sceneViewState":{"showFog":true,"showMaterialUpdate":false,"showSkybox":true,"showFlares":true,"showImageEffects":true,"showParticleSystems":true,"showVisualEffectGraphs":true,"m_FxEnabled":true},"in2DMode":false,"pivot":{"x":-3.205261707305908,"y":-3.5967721939086916,"z":57.03986740112305},"rotation":{"x":-0.03778909146785736,"y":0.026076598092913629,"z":-0.0009815910598263145,"w":-0.9989610314369202},"size":31.41107940673828,"orthographic":false}