{"cameraMode":{"drawMode":0,"name":"Shaded","section":"Shading Mode"},"sceneLighting":true,"audioPlay":false,"sceneViewState":{"showFog":true,"showMaterialUpdate":false,"showSkybox":true,"showFlares":true,"showImageEffects":true,"showParticleSystems":true,"showVisualEffectGraphs":true,"m_FxEnabled":true},"in2DMode":false,"pivot":{"x":1.3548123836517335,"y":0.25432562828063967,"z":1.483510971069336},"rotation":{"x":-0.10509797930717468,"y":0.019986674189567567,"z":-0.002108917571604252,"w":-0.9942912459373474},"size":6.418788433074951,"orthographic":false}