{"cameraMode":{"drawMode":0,"name":"Shaded","section":"Shading Mode"},"sceneLighting":true,"audioPlay":false,"sceneViewState":{"showFog":true,"showMaterialUpdate":false,"showSkybox":true,"showFlares":true,"showImageEffects":true,"showParticleSystems":true,"showVisualEffectGraphs":true,"m_FxEnabled":true},"in2DMode":false,"pivot":{"x":-1.25923490524292,"y":0.12809783220291139,"z":-4.571374893188477},"rotation":{"x":-0.08570507913827896,"y":-0.006876522675156593,"z":0.0005941668059676886,"w":-0.9963191151618958},"size":2.511406660079956,"orthographic":false}