{"cameraMode":{"drawMode":0,"name":"Shaded","section":"Shading Mode"},"sceneLighting":true,"audioPlay":false,"sceneViewState":{"showFog":true,"showMaterialUpdate":false,"showSkybox":true,"showFlares":true,"showImageEffects":true,"showParticleSystems":true,"showVisualEffectGraphs":true,"m_FxEnabled":true},"in2DMode":false,"pivot":{"x":326.3589782714844,"y":177.57859802246095,"z":28.3187255859375},"rotation":{"x":-0.11255107074975968,"y":0.018477780744433404,"z":-0.0020934762433171274,"w":-0.9934728741645813},"size":136.50621032714845,"orthographic":false}