{"cameraMode":{"drawMode":0,"name":"Shaded","section":"Shading Mode"},"sceneLighting":true,"audioPlay":false,"sceneViewState":{"showFog":true,"showMaterialUpdate":false,"showSkybox":true,"showFlares":true,"showImageEffects":true,"showParticleSystems":true,"showVisualEffectGraphs":true,"m_FxEnabled":true},"in2DMode":false,"pivot":{"x":-20.96226692199707,"y":13.133785247802735,"z":33.398075103759769},"rotation":{"x":-0.23060248792171479,"y":-0.11296714842319489,"z":0.026962973177433015,"w":-0.966099202632904},"size":23.143842697143556,"orthographic":false}